id;name;hired_at;age;email;mobile
1;midst because;2024-03-13T13:30:13;18165;Kaelyn_Ebert76@gmail.com;bitterly
2;ooze puffin;2024-03-13T22:48:30;11083;Macie89@gmail.com;onto under
3;stadium conductor;2024-03-13T17:40:07;14267;Janessa_Lehner-Sanford@gmail.com;sternly psst
4;boo readily;2024-03-13T10:57:47;22824;Roman_Kerluke@yahoo.com;furthermore afterwards rayon
5;handgun;2024-03-13T18:31:31;24086;Gavin_Gleason@hotmail.com;pace calm
6;incentivise hearty;2024-03-13T21:56:30;9539;Flossie_Brown77@yahoo.com;concerning
7;concerning;2024-03-14T04:22:18;6761;Angela.Fahey83@gmail.com;vanadyl yowza
8;throughout salsa athwart;2024-03-13T20:25:37;22245;Helene_Roberts8@yahoo.com;finally ick
9;beak whether;2024-03-14T04:17:07;18103;August_Ebert@hotmail.com;ick rifle fatally
10;inside worst flanker;2024-03-13T14:22:54;19663;Cristal_Champlin@gmail.com;healthy
