id;filename;data;data_content_type
1;treasure before;../fake-data/blob/hipster.png;image/png
2;likewise;../fake-data/blob/hipster.png;image/png
3;blog;../fake-data/blob/hipster.png;image/png
4;outside;../fake-data/blob/hipster.png;image/png
5;truthfully if;../fake-data/blob/hipster.png;image/png
6;fix;../fake-data/blob/hipster.png;image/png
7;boo lightly;../fake-data/blob/hipster.png;image/png
8;topic for quiet;../fake-data/blob/hipster.png;image/png
9;portly er psychoanalyst;../fake-data/blob/hipster.png;image/png
10;drat;../fake-data/blob/hipster.png;image/png
