id;name;email;mobile;age;gender;nationality
1;yet;Dock.MacGyver@hotmail.com;bait;29402;subpoena whenever ouch;unto peace
2;which bullet far;Dale.Corwin@yahoo.com;striped;19898;urgently geez who;yet gesture lest
3;wallaby;Joanie.Hessel@gmail.com;acorn;16518;which serve;softly crossly academic
4;until row jaywalk;Jedediah69@yahoo.com;oof mmm;2593;mime screw-up preach;menacing
5;circa;Carolanne.Doyle@yahoo.com;yawning prisoner;170;eek;supposing brr hm
6;meh certainly;Jaylen.Rogahn10@gmail.com;ump below apud;11080;replica;whoa regal
7;inquisitively and assist;Ryan60@hotmail.com;er or;5676;conjecture plan;instantly brave and
8;mansard uh-huh;Antonietta95@gmail.com;sweatsuit;10801;rapidly;hilarious instead jealously
9;down;Alex_Turner13@hotmail.com;because;9949;until if reluctantly;freely
10;ick knowledgeable cloud;Russell_OConner@hotmail.com;last cumbersome;27469;than yuck;ick
