id;code;start_datetime;no_passengers;no_kids;no_pets;start_place;end_place
1;nor lest;2024-03-14T00:00:16;29962;25059;32607;pita apropos;defiantly
2;although pish;2024-03-13T13:50:46;4749;1020;23993;primate pleasing;briefly margin
3;healthy active;2024-03-14T03:53:26;23697;27240;8625;ah cayenne;multicolored clamp
4;blissfully;2024-03-13T17:58:56;28682;3392;14540;gadzooks with;discount fooey
5;meanwhile sequestrate gently;2024-03-13T21:00:54;6014;9332;29572;inside justly;yum
6;shocked financing greatly;2024-03-14T06:53:25;318;7056;20101;hospitalise necklace;up console fiercely
7;sans;2024-03-13T17:15:28;26794;31149;29986;atop ha;apud repeatedly
8;shabby;2024-03-13T12:00:02;12114;5431;8662;across;rapidly crab plant
9;inasmuch consequently austere;2024-03-14T01:43:35;20522;5254;5725;well-groomed;abhor demineralize simplify
10;miaow;2024-03-13T19:50:17;28803;32208;19033;giving free;past achieve gee
